INSTANCE;WEIGHT_GR;VALUE_GR;EXECUTION_TIME_GR;WEIGHT_BF;VALUE_BF;EXECUTION_TIME_BF;WEIGHT_BB;VALUE_BB;EXECUTION_TIME_BB;WEIGHT_DP;VALUE_DP;EXECUTION_TIME_DP;WEIGHT_OT;VALUE_OT;EXECUTION_TIME_IP;WEIGHT_IP;VALUE_IP;EXECUTION_TIME_OT
;problem_10_50_1_1_5.txt;50;159;0;50;159;2;50;159;0;50;159;0;50;159;0;50;159;7
;problem_10_50_1_2_5.txt;61;214;0;61;214;2;61;214;0;61;214;0;61;214;0;61;214;6
;problem_10_50_1_3_5.txt;100;184;0;121;199;1;121;199;0;121;199;0;121;199;0;121;199;11
;problem_10_50_1_4_5.txt;221;246;0;221;246;1;221;246;0;221;246;0;221;246;0;221;246;7
;problem_10_50_1_5_5.txt;242;213;0;242;213;2;242;213;0;242;213;0;242;213;0;242;213;6
;problem_10_50_2_1_5.txt;48;63;0;50;64;2;50;64;0;50;64;0;50;64;0;50;64;8
;problem_10_50_2_2_5.txt;30;45;0;61;79;1;61;79;0;61;79;0;61;79;0;61;79;11
;problem_10_50_2_3_5.txt;102;113;0;122;130;2;122;130;0;122;130;0;122;130;0;122;130;10
;problem_10_50_2_4_5.txt;185;195;0;226;233;1;226;233;0;226;233;0;228;233;0;226;233;12
;problem_10_50_2_5_5.txt;222;226;0;240;238;2;240;238;0;240;238;0;237;238;0;240;238;15
;problem_10_50_3_1_5.txt;43;73;0;49;79;1;49;79;0;49;79;0;49;79;0;49;79;13
;problem_10_50_3_2_5.txt;66;126;0;75;135;2;75;135;0;75;135;0;75;135;0;75;135;13
;problem_10_50_3_3_5.txt;112;182;0;112;182;1;112;182;0;112;182;0;112;182;0;112;182;7
;problem_10_50_3_4_5.txt;213;283;0;238;308;1;238;308;0;238;308;0;238;308;0;238;308;16
;problem_10_50_3_5_5.txt;197;287;0;200;290;2;200;290;0;200;290;0;200;290;0;200;290;9
;problem_10_50_4_1_5.txt;35;35;0;51;51;2;51;51;0;51;51;0;51;51;0;51;51;9
;problem_10_50_4_2_5.txt;50;50;0;79;79;2;79;79;0;79;79;0;79;79;0;79;79;11
;problem_10_50_4_3_5.txt;92;92;0;113;113;3;113;113;0;113;113;0;113;113;0;113;113;6
;problem_10_50_4_4_5.txt;229;229;0;238;238;1;238;238;0;238;238;0;238;238;0;238;238;11
;problem_10_50_4_5_5.txt;168;168;0;204;204;2;204;204;0;204;204;0;204;204;0;204;204;5
;problem_10_100_1_1_5.txt;86;198;0;86;198;1;86;198;0;86;198;0;86;198;0;86;198;8
;problem_10_100_1_2_5.txt;145;371;0;145;371;1;145;371;0;145;371;0;145;371;0;145;371;7
;problem_10_100_1_3_5.txt;321;323;0;342;324;1;342;324;0;342;324;0;342;324;0;342;324;11
;problem_10_100_1_4_5.txt;462;507;0;462;507;2;462;507;0;462;507;0;462;507;0;462;507;5
;problem_10_100_1_5_5.txt;433;481;0;433;481;1;433;481;0;433;481;0;433;481;0;433;481;7
;problem_10_100_2_1_5.txt;100;117;0;100;117;2;100;117;0;100;117;0;100;117;0;100;117;6
;problem_10_100_2_2_5.txt;82;94;0;146;159;2;146;159;0;146;159;0;146;159;0;146;159;9
;problem_10_100_2_3_5.txt;273;294;0;347;366;1;347;366;0;347;366;0;347;366;0;347;366;10
;problem_10_100_2_4_5.txt;441;481;0;459;497;1;459;497;0;459;497;0;459;497;0;459;497;11
;problem_10_100_2_5_5.txt;425;426;0;449;445;1;449;445;0;449;445;0;449;445;0;449;445;10
;problem_10_100_3_1_5.txt;91;141;0;91;141;1;91;141;0;91;141;0;101;141;0;91;141;10
;problem_10_100_3_2_5.txt;123;183;0;125;185;1;125;185;0;125;185;0;125;185;0;125;185;11
;problem_10_100_3_3_5.txt;188;248;0;238;298;2;238;298;0;238;298;0;238;298;0;238;298;22
;problem_10_100_3_4_5.txt;363;433;0;437;507;1;437;507;0;437;507;0;437;507;0;437;507;60
;problem_10_100_3_5_5.txt;421;501;0;495;575;1;495;575;0;495;575;0;495;575;0;495;575;13
;problem_10_100_4_1_5.txt;85;85;0;101;101;1;101;101;0;101;101;0;101;101;0;101;101;11
;problem_10_100_4_2_5.txt;117;117;0;129;129;2;129;129;0;129;129;0;129;129;0;129;129;12
;problem_10_100_4_3_5.txt;192;192;0;238;238;2;238;238;0;238;238;0;238;238;0;238;238;8
;problem_10_100_4_4_5.txt;429;429;0;437;437;2;437;437;0;437;437;0;437;437;0;437;437;89
;problem_10_100_4_5_5.txt;468;468;0;495;495;1;495;495;0;495;495;0;495;495;0;495;495;12
;problem_10_500_1_1_5.txt;291;873;0;464;949;1;464;949;0;464;949;0;464;949;0;464;949;12
;problem_10_500_1_2_5.txt;722;1390;0;830;1450;2;830;1450;0;830;1450;0;830;1450;0;830;1450;11
;problem_10_500_1_3_5.txt;782;2348;0;877;2396;2;877;2396;0;877;2396;0;877;2396;0;877;2396;9
;problem_10_500_1_4_5.txt;1357;2348;0;1357;2348;1;1357;2348;0;1357;2348;0;1357;2348;0;1357;2348;8
;problem_10_500_1_5_5.txt;2805;2814;0;2805;2814;1;2805;2814;0;2805;2814;0;2805;2814;0;2805;2814;8
;problem_10_500_2_1_5.txt;326;375;0;528;541;1;528;541;0;528;541;0;528;541;0;528;541;11
;problem_10_500_2_2_5.txt;740;831;0;868;875;1;868;875;0;868;875;0;868;875;1;868;875;85
;problem_10_500_2_3_5.txt;714;778;0;890;942;2;890;942;0;890;942;0;890;942;1;890;942;31
;problem_10_500_2_4_5.txt;1289;1493;0;1387;1501;1;1387;1501;0;1387;1501;0;1387;1501;0;1387;1501;18
;problem_10_500_2_5_5.txt;2754;2878;0;2935;2990;1;2935;2990;0;2935;2990;0;2935;2990;0;2935;2990;13
;problem_10_500_3_1_5.txt;497;537;0;497;537;1;497;537;0;497;537;0;497;537;1;497;537;8
;problem_10_500_3_2_5.txt;977;1017;0;1149;1189;1;1149;1189;0;1149;1189;0;1149;1189;1;1149;1189;65
;problem_10_500_3_3_5.txt;722;792;0;1038;1108;2;1038;1108;0;1038;1108;0;1038;1108;0;1038;1108;14
;problem_10_500_3_4_5.txt;1562;1642;0;1633;1703;1;1633;1703;0;1633;1703;0;1633;1703;0;1633;1703;66
;problem_10_500_3_5_5.txt;2771;2851;0;3079;3159;1;3079;3159;0;3079;3159;0;3079;3159;0;3079;3159;10
;problem_10_500_4_1_5.txt;485;485;0;498;498;2;498;498;0;498;498;0;498;498;0;498;498;10
;problem_10_500_4_2_5.txt;1098;1098;0;1154;1154;2;1154;1154;0;1154;1154;0;1154;1154;0;1154;1154;85
;problem_10_500_4_3_5.txt;792;792;0;1038;1038;2;1038;1038;0;1038;1038;0;1038;1038;0;1038;1038;9
;problem_10_500_4_4_5.txt;1600;1600;0;1637;1637;1;1637;1637;0;1637;1637;0;1637;1637;0;1637;1637;75
;problem_10_500_4_5_5.txt;3068;3068;0;3079;3079;1;3079;3079;0;3079;3079;0;3079;3079;0;3079;3079;10
;problem_10_1000_1_1_5.txt;786;2098;0;964;2287;1;964;2287;0;964;2287;0;964;2287;0;964;2287;12
;problem_10_1000_1_2_5.txt;1785;4084;0;1879;4089;1;1879;4089;0;1879;4089;0;1879;4089;0;1879;4089;10
;problem_10_1000_1_3_5.txt;1785;4084;0;1879;4089;1;1879;4089;0;1879;4089;0;1879;4089;0;1879;4089;9
;problem_10_1000_1_4_5.txt;2367;4649;0;2367;4649;1;2367;4649;0;2367;4649;0;2367;4649;0;2367;4649;7
;problem_10_1000_1_5_5.txt;5123;4213;0;5123;4213;2;5123;4213;0;5123;4213;0;5123;4213;0;5123;4213;9
;problem_10_1000_2_1_5.txt;991;1207;0;991;1207;1;991;1207;0;991;1207;0;991;1207;0;991;1207;8
;problem_10_1000_2_2_5.txt;1819;2047;0;1819;2047;2;1819;2047;0;1819;2047;0;1819;2047;0;1819;2047;52
;problem_10_1000_2_3_5.txt;2355;2661;0;2616;2864;1;2616;2864;0;2616;2864;0;2616;2864;0;2616;2864;12
;problem_10_1000_2_4_5.txt;2184;2476;0;2386;2561;1;2386;2561;0;2386;2561;0;2386;2561;0;2386;2561;17
;problem_10_1000_2_5_5.txt;4930;4959;0;5367;5336;1;5367;5336;0;5367;5336;0;5367;5336;1;5367;5336;14
;problem_10_1000_3_1_5.txt;990;1030;0;990;1030;1;990;1030;0;990;1030;0;1000;1030;0;990;1030;48
;problem_10_1000_3_2_5.txt;2132;2182;0;2153;2183;2;2153;2183;0;2153;2183;0;2153;2183;0;2153;2183;92
;problem_10_1000_3_3_5.txt;2204;2264;0;2288;2338;1;2288;2338;0;2288;2338;0;2288;2338;0;2288;2338;30
;problem_10_1000_3_4_5.txt;2469;2549;0;2633;2703;2;2633;2703;0;2633;2703;0;2633;2703;0;2633;2703;74
;problem_10_1000_3_5_5.txt;3926;4006;0;4730;4800;1;4730;4800;0;4730;4800;0;4730;4800;0;4730;4800;45
;problem_10_1000_4_1_5.txt;905;905;0;1000;1000;1;1000;1000;0;1000;1000;0;1000;1000;0;1000;1000;67
;problem_10_1000_4_2_5.txt;1598;1598;0;2153;2153;1;2153;2153;0;2153;2153;0;2153;2153;0;2153;2153;83
;problem_10_1000_4_3_5.txt;2261;2261;0;2288;2288;1;2288;2288;0;2288;2288;0;2288;2288;0;2288;2288;16
;problem_10_1000_4_4_5.txt;2600;2600;0;2633;2633;1;2633;2633;0;2633;2633;0;2633;2633;0;2633;2633;79
;problem_10_1000_4_5_5.txt;4568;4568;0;4730;4730;1;4730;4730;0;4730;4730;0;4730;4730;0;4730;4730;12
;problem_50_50_1_1_5.txt;245;581;0;242;345;10001;245;581;6;245;581;0;245;581;0;245;581;9
;problem_50_50_1_2_5.txt;354;891;0;380;600;10001;388;918;497;388;918;0;388;918;0;388;918;14
;problem_50_50_1_3_5.txt;637;953;0;640;721;10001;646;957;2749;646;957;0;647;957;0;647;957;13
;problem_50_50_1_4_5.txt;853;1170;0;878;892;10001;463;871;10001;881;1180;0;883;1180;0;881;1180;13
;problem_50_50_1_5_5.txt;1080;1087;0;913;822;10001;480;768;10001;1080;1087;0;1080;1087;1;1080;1087;6
;problem_50_50_2_1_5.txt;232;283;0;247;260;10001;246;298;0;246;298;0;246;298;0;246;298;16
;problem_50_50_2_2_5.txt;363;432;0;390;431;10001;390;461;350;390;461;0;390;461;0;390;461;11
;problem_50_50_2_3_5.txt;643;692;0;647;649;10001;648;696;3681;648;696;0;648;696;0;648;696;11
;problem_50_50_2_4_5.txt;850;928;0;884;901;10001;748;826;10001;885;960;0;884;960;0;883;960;36
;problem_50_50_2_5_5.txt;1060;1091;0;906;901;10001;667;720;10001;1079;1108;0;1079;1108;1;1079;1108;83
;problem_50_50_3_1_5.txt;224;404;0;239;339;10001;239;419;83;239;419;0;239;419;0;239;419;17
;problem_50_50_3_2_5.txt;390;700;0;398;588;10001;239;489;10001;398;708;0;398;708;0;398;708;14
;problem_50_50_3_3_5.txt;658;998;0;660;940;10001;377;627;10001;660;1000;0;660;1000;1;660;1000;8
;problem_50_50_3_4_5.txt;802;1212;0;824;1154;10001;229;479;10001;824;1234;0;824;1234;1;824;1234;20
;problem_50_50_3_5_5.txt;981;1431;0;917;1307;10001;334;584;10001;1005;1455;0;1005;1455;1;1005;1455;22
;problem_50_50_4_1_5.txt;239;239;0;239;239;10001;239;239;0;239;239;0;239;239;0;239;239;7
;problem_50_50_4_2_5.txt;378;378;0;398;398;10001;398;398;94;398;398;0;398;398;0;398;398;8
;problem_50_50_4_3_5.txt;651;651;0;660;660;10001;660;660;10001;660;660;0;660;660;0;660;660;10
;problem_50_50_4_4_5.txt;803;803;0;812;812;10001;731;731;10001;824;824;0;824;824;0;824;824;9
;problem_50_50_4_5_5.txt;994;994;0;989;989;10001;586;586;10001;1005;1005;0;1005;1005;0;1005;1005;9
;problem_50_100_1_1_5.txt;425;1067;0;464;646;10001;458;1098;6;458;1098;0;458;1098;0;458;1098;25
;problem_50_100_1_2_5.txt;798;1730;0;805;1234;10001;798;1730;450;798;1730;0;798;1730;1;798;1730;11
;problem_50_100_1_3_5.txt;1330;1866;0;1368;1411;10001;1371;1888;589;1371;1888;0;1371;1888;1;1371;1888;12
;problem_50_100_1_4_5.txt;1594;2130;0;1595;1718;10001;1612;2137;6815;1612;2137;0;1616;2137;1;1612;2137;13
;problem_50_100_1_5_5.txt;2004;2235;0;1751;1761;10001;1062;1608;10001;2080;2267;0;2080;2267;2;2080;2267;16
;problem_50_100_2_1_5.txt;457;565;0;460;489;10001;464;570;11;464;570;0;464;570;0;464;570;11
;problem_50_100_2_2_5.txt;749;873;0;806;835;10001;807;930;1178;807;930;0;807;930;0;807;930;23
;problem_50_100_2_3_5.txt;1367;1501;0;1372;1419;10001;1270;1402;10001;1372;1504;0;1373;1504;1;1373;1504;30
;problem_50_100_2_4_5.txt;1555;1695;0;1615;1653;10001;1112;1260;10001;1618;1752;0;1618;1752;2;1618;1752;38
;problem_50_100_2_5_5.txt;2076;2162;0;1827;1839;10001;1120;1253;10001;2076;2162;0;2076;2162;2;2076;2162;23
;problem_50_100_3_1_5.txt;433;633;0;439;539;10001;439;639;320;439;639;0;439;639;0;439;639;12
;problem_50_100_3_2_5.txt;912;1182;0;931;1141;10001;791;1041;10001;931;1201;0;931;1201;0;931;1201;22
;problem_50_100_3_3_5.txt;1300;1650;0;1310;1580;10001;650;900;10001;1310;1660;0;1310;1660;1;1310;1660;19
;problem_50_100_3_4_5.txt;1557;1977;0;1557;1897;10001;394;644;10001;1557;1977;0;1557;1977;2;1557;1977;5
;problem_50_100_3_5_5.txt;1967;2417;0;1857;2247;10001;669;919;10001;2005;2455;0;2005;2455;2;2005;2455;15
;problem_50_100_4_1_5.txt;439;439;0;439;439;10001;439;439;0;439;439;0;439;439;0;439;439;9
;problem_50_100_4_2_5.txt;908;908;0;931;931;10001;931;931;367;931;931;0;931;931;0;931;931;8
;problem_50_100_4_3_5.txt;1285;1285;0;1310;1310;10001;1310;1310;7733;1310;1310;0;1310;1310;0;1310;1310;8
;problem_50_100_4_4_5.txt;1544;1544;0;1550;1550;10001;1481;1481;10001;1557;1557;0;1557;1557;1;1557;1557;7
;problem_50_100_4_5_5.txt;2000;2000;0;1789;1789;10001;1286;1286;10001;2005;2005;0;2005;2005;1;2005;2005;26
;problem_50_500_1_1_5.txt;2030;6037;0;2059;3291;10001;2071;6082;5;2071;6082;0;2071;6082;1;2071;6082;11
;problem_50_500_1_2_5.txt;3757;7551;0;4000;5429;10001;4001;7819;276;4001;7819;0;4001;7819;2;4001;7819;15
;problem_50_500_1_3_5.txt;6076;10668;0;6258;7764;10001;6257;10770;1878;6257;10770;0;6257;10770;3;6257;10770;13
;problem_50_500_1_4_5.txt;7984;9859;0;8346;8008;10001;4961;7719;10001;8325;10012;0;8325;10012;6;8325;10012;18
;problem_50_500_1_5_5.txt;11000;13517;0;9646;10132;10001;4802;9050;10001;11145;13550;0;11145;13550;12;11145;13550;17
;problem_50_500_2_1_5.txt;1671;1998;0;2080;2169;10001;2076;2436;0;2076;2436;0;2076;2436;0;2076;2436;30
;problem_50_500_2_2_5.txt;3791;4308;0;4006;4160;10001;4005;4533;154;4005;4533;0;4005;4533;2;4005;4533;46
;problem_50_500_2_3_5.txt;6265;6900;0;6269;6513;10001;5877;6503;10001;6265;6900;0;6265;6900;4;6265;6900;19
;problem_50_500_2_4_5.txt;8019;8652;0;8325;8459;10001;5646;6351;10001;8351;8946;0;8351;8946;6;8351;8946;35
;problem_50_500_2_5_5.txt;11221;11381;0;10251;10179;10001;6578;7011;10001;11238;11390;0;11238;11390;9;11238;11390;50
;problem_50_500_3_1_5.txt;2194;2394;0;2237;2347;10001;2232;2432;429;2232;2432;0;2232;2432;1;2232;2432;230
;problem_50_500_3_2_5.txt;4472;4742;0;4664;4854;10001;3871;4121;10001;4664;4934;0;4664;4934;3;4664;4934;13
;problem_50_500_3_3_5.txt;6293;6643;0;6460;6740;10001;2931;3181;10001;6460;6810;0;6460;6810;6;6460;6810;27
;problem_50_500_3_4_5.txt;8607;9007;0;8680;9030;10001;3732;3982;10001;8690;9090;0;8690;9090;10;8690;9090;23
;problem_50_500_3_5_5.txt;11601;12041;0;10557;10947;10001;3906;4156;10001;12005;12445;0;12005;12445;13;12004;12444;14
;problem_50_500_4_1_5.txt;2236;2236;0;2239;2239;10001;2239;2239;2;2239;2239;0;2239;2239;0;2239;2239;11
;problem_50_500_4_2_5.txt;4571;4571;0;4664;4664;10001;4664;4664;118;4664;4664;0;4664;4664;1;4664;4664;6
;problem_50_500_4_3_5.txt;6381;6381;0;6460;6460;10001;6169;6169;10001;6460;6460;0;6460;6460;2;6460;6460;22
;problem_50_500_4_4_5.txt;8409;8409;0;8679;8679;10001;6381;6381;10001;8690;8690;0;8690;8690;4;8690;8690;35
;problem_50_500_4_5_5.txt;11936;11936;0;10389;10389;10001;7486;7486;10001;12005;12005;0;12005;12005;10;12004;12004;16
;problem_50_1000_1_1_5.txt;3763;15224;0;3884;7221;10001;3841;15314;33;3841;15314;0;3841;15314;1;3841;15314;14
;problem_50_1000_1_2_5.txt;8173;16812;0;8465;11818;10001;8483;17088;782;8483;17088;0;8483;17088;4;8483;17088;16
;problem_50_1000_1_3_5.txt;12983;20189;0;12995;15421;10001;12983;20189;4338;12983;20189;0;12983;20189;7;12983;20189;11
;problem_50_1000_1_4_5.txt;14318;22030;0;14551;17838;10001;9111;17185;10001;14668;22276;0;14668;22276;9;14668;22276;13
;problem_50_1000_1_5_5.txt;22789;20394;0;19929;16107;10001;12302;16189;10001;22789;20394;0;22789;20394;20;22789;20394;9
;problem_50_1000_2_1_5.txt;3469;4316;0;3911;4090;10001;3913;4789;5;3913;4789;0;3913;4789;1;3913;4789;30
;problem_50_1000_2_2_5.txt;8259;9391;0;8504;8879;10001;8507;9640;434;8507;9640;0;8507;9640;3;8507;9640;20
;problem_50_1000_2_3_5.txt;12763;14187;0;12993;13316;10001;12763;14187;10001;13002;14405;0;13002;14405;6;13002;14405;45
;problem_50_1000_2_4_5.txt;14417;15872;0;14669;15108;10001;10658;12075;10001;14679;16120;0;14679;16120;9;14679;16120;21
;problem_50_1000_2_5_5.txt;22698;22946;0;19935;19679;10001;16955;17706;10001;22888;23098;0;22910;23098;17;22888;23098;39
;problem_50_1000_3_1_5.txt;4153;4343;0;4322;4432;10001;4322;4512;350;4322;4512;0;4322;4512;2;4322;4512;29
;problem_50_1000_3_2_5.txt;9216;9466;0;9664;9854;10001;9216;9466;10001;9664;9914;0;9664;9914;6;9664;9914;251
;problem_50_1000_3_3_5.txt;12931;13271;0;13209;13489;10001;7644;7894;10001;13210;13550;0;13210;13550;11;13210;13550;460
;problem_50_1000_3_4_5.txt;14950;15360;0;15023;15363;10001;5758;6008;10001;15024;15424;0;15024;15424;15;15024;15424;914
;problem_50_1000_3_5_5.txt;20179;20629;0;19673;20063;10001;6084;6334;10001;20755;21205;0;20755;21205;24;20755;21205;123
;problem_50_1000_4_1_5.txt;4254;4254;0;4322;4322;10001;4322;4322;2;4322;4322;0;4322;4322;0;4322;4322;10
;problem_50_1000_4_2_5.txt;9308;9308;0;9664;9664;10001;9664;9664;111;9664;9664;0;9664;9664;2;9664;9664;6
;problem_50_1000_4_3_5.txt;12645;12645;0;13210;13210;10001;12169;12169;10001;13210;13210;0;13210;13210;5;13210;13210;50
;problem_50_1000_4_4_5.txt;14909;14909;0;15024;15024;10001;10881;10881;10001;15024;15024;0;15024;15024;9;15024;15024;13
;problem_50_1000_4_5_5.txt;20351;20351;0;17889;17889;10001;12486;12486;10001;20755;20755;0;20755;20755;15;20754;20754;23
;problem_100_50_1_1_5.txt;471;1223;0;486;640;10001;297;950;10001;488;1244;0;488;1244;0;488;1244;17
;problem_100_50_1_2_5.txt;744;1648;0;779;1003;10001;182;910;10001;779;1675;0;779;1675;1;779;1675;12
;problem_100_50_1_3_5.txt;1207;2066;0;1241;1540;10001;254;863;10001;1243;2094;0;1244;2094;3;1244;2094;13
;problem_100_50_1_4_5.txt;1642;2319;0;1502;1667;10001;209;816;10001;1664;2330;0;1664;2330;6;1664;2330;18
;problem_100_50_1_5_5.txt;2182;2415;0;1616;1733;10001;185;702;10001;2182;2415;0;2186;2415;8;2182;2415;10
;problem_100_50_2_1_5.txt;445;534;0;486;503;10001;488;581;761;488;581;0;488;581;0;488;581;17
;problem_100_50_2_2_5.txt;767;916;0;779;827;10001;253;340;10001;779;928;0;779;928;1;779;928;28
;problem_100_50_2_3_5.txt;1241;1341;0;1244;1251;10001;491;573;10001;1244;1344;0;1244;1344;3;1244;1344;9
;problem_100_50_2_4_5.txt;1656;1788;0;1551;1561;10001;443;537;10001;1664;1795;0;1664;1795;4;1664;1795;15
;problem_100_50_2_5_5.txt;2176;2270;0;1734;1761;10001;430;524;10001;2191;2283;0;2191;2283;9;2191;2283;14
;problem_100_50_3_1_5.txt;477;837;0;480;670;10001;254;504;10001;480;840;0;480;840;1;480;840;7
;problem_100_50_3_2_5.txt;802;1392;0;831;1211;10001;129;369;10001;831;1421;0;831;1421;2;831;1421;40
;problem_100_50_3_3_5.txt;1268;1958;0;1276;1826;10001;179;419;10001;1276;1966;0;1276;1966;4;1276;1966;42
;problem_100_50_3_4_5.txt;1708;2518;0;1620;2290;10001;140;380;10001;1743;2553;0;1743;2553;7;1743;2553;9
;problem_100_50_3_5_5.txt;1992;2902;0;1488;2158;10001;141;381;10001;2011;2921;0;2011;2921;8;2011;2921;33
;problem_100_50_4_1_5.txt;437;437;0;480;480;10001;480;480;99;480;480;0;480;480;0;480;480;10
;problem_100_50_4_2_5.txt;830;830;0;831;831;10001;701;701;10001;831;831;0;831;831;0;831;831;7
;problem_100_50_4_3_5.txt;1261;1261;0;1276;1276;10001;655;655;10001;1276;1276;0;1276;1276;1;1276;1276;8
;problem_100_50_4_4_5.txt;1719;1719;0;1742;1742;10001;651;651;10001;1743;1743;0;1743;1743;3;1743;1743;8
;problem_100_50_4_5_5.txt;2005;2005;0;1538;1538;10001;543;543;10001;2011;2011;0;2011;2011;5;2011;2011;9
;problem_100_100_1_1_5.txt;941;2299;0;921;1158;10001;612;1816;10001;941;2299;0;941;2299;1;941;2299;11
;problem_100_100_1_2_5.txt;1632;3377;0;1673;2219;10001;360;1610;10001;1676;3412;0;1676;3412;3;1676;3412;21
;problem_100_100_1_3_5.txt;2685;4068;0;2716;3030;10001;531;1682;10001;2718;4093;0;2718;4093;7;2718;4093;12
;problem_100_100_1_4_5.txt;3187;4474;0;3028;3440;10011;485;1900;10015;3228;4492;0;3228;4492;10;3228;4492;15
;problem_100_100_1_5_5.txt;4322;4905;0;3292;3643;10015;635;1746;10015;4354;4916;0;4354;4916;15;4354;4916;18
;problem_100_100_2_1_5.txt;881;1067;0;945;968;10015;776;949;10015;946;1137;0;946;1137;1;946;1137;127
;problem_100_100_2_2_5.txt;1642;1923;0;1677;1749;10015;671;849;10015;1679;1960;0;1679;1960;4;1679;1960;25
;problem_100_100_2_3_5.txt;2717;2970;0;2716;2796;10015;756;905;10015;2719;2972;0;2719;2972;6;2719;2972;8
;problem_100_100_2_4_5.txt;3197;3469;0;3137;3225;10015;575;742;10015;3229;3499;0;3230;3499;10;3229;3499;21
;problem_100_100_2_5_5.txt;4319;4568;0;3401;3507;10015;695;866;10015;4358;4600;0;4358;4600;16;4358;4600;37
;problem_100_100_3_1_5.txt;853;1253;0;880;1070;10015;367;617;10015;880;1280;0;880;1280;1;880;1280;30
;problem_100_100_3_2_5.txt;1717;2267;0;1765;2155;10015;311;551;10015;1765;2315;0;1765;2315;4;1765;2315;35
;problem_100_100_3_3_5.txt;2524;3234;0;2526;3086;10015;332;572;10015;2526;3236;0;2526;3236;8;2526;3236;13
;problem_100_100_3_4_5.txt;3079;3909;0;2879;3549;10015;190;430;10015;3143;3973;0;3143;3973;13;3143;3973;46
;problem_100_100_3_5_5.txt;4011;4921;0;2990;3660;10015;352;592;10015;4053;4963;0;4053;4963;17;4053;4963;21
;problem_100_100_4_1_5.txt;862;862;0;880;880;10015;880;880;203;880;880;0;880;880;0;880;880;8
;problem_100_100_4_2_5.txt;1680;1680;0;1765;1765;10015;1501;1501;10015;1765;1765;0;1765;1765;1;1765;1765;9
;problem_100_100_4_3_5.txt;2511;2511;0;2526;2526;10015;1255;1255;10015;2526;2526;0;2526;2526;2;2526;2526;11
;problem_100_100_4_4_5.txt;3119;3119;0;3125;3125;10015;1301;1301;10015;3143;3143;0;3143;3143;5;3143;3143;9
;problem_100_100_4_5_5.txt;4023;4023;15;3138;3138;10015;1243;1243;10015;4053;4053;0;4053;4053;11;4053;4053;13
;problem_100_500_1_1_5.txt;3749;11915;0;3941;6475;10015;1935;8689;10015;3977;12251;0;3977;12251;4;3977;12251;28
;problem_100_500_1_2_5.txt;7812;16700;0;7904;10276;10015;2222;8680;10015;7946;16827;0;7946;16827;14;7946;16827;22
;problem_100_500_1_3_5.txt;12908;20432;0;13109;14079;10015;2226;9217;10015;13119;20550;0;13119;20550;29;13119;20550;20
;problem_100_500_1_4_5.txt;17196;22806;0;16219;17484;10015;2061;7841;10015;17221;22811;0;17221;22811;52;17221;22811;13
;problem_100_500_1_5_5.txt;22848;25659;0;17744;18962;10015;2610;8773;10015;22848;25659;0;22848;25659;77;22848;25659;9
;problem_100_500_2_1_5.txt;3687;4427;0;3977;4143;10015;3977;4741;2796;3977;4741;0;3977;4741;3;3977;4741;315
;problem_100_500_2_2_5.txt;7733;8849;0;7945;8315;10015;3941;4725;10015;7945;9066;0;7945;9066;14;7945;9066;310
;problem_100_500_2_3_5.txt;12919;14155;0;13113;13567;10015;3940;4690;10015;13116;14354;0;13118;14354;24;13118;14354;29
;problem_100_500_2_4_5.txt;17130;18426;0;16519;16828;10015;3596;4529;10015;17230;18509;0;17230;18509;48;17230;18509;52
;problem_100_500_2_5_5.txt;22592;23438;0;18445;18688;10015;3788;4552;10015;22857;23677;0;22857;23677;74;22857;23677;34
;problem_100_500_3_1_5.txt;4047;4457;0;4164;4354;10015;1520;1770;10015;4164;4574;0;4164;4574;8;4164;4574;26
;problem_100_500_3_2_5.txt;8366;8936;0;8390;8780;10015;1546;1786;10015;8398;8968;0;8398;8968;24;8398;8968;18
;problem_100_500_3_3_5.txt;12434;13144;0;12626;13176;10015;1095;1335;10015;12626;13336;0;12626;13336;41;12626;13336;16
;problem_100_500_3_4_5.txt;15873;16693;0;14630;15300;10015;1632;1872;10015;15873;16693;0;15873;16693;65;15873;16693;35
;problem_100_500_3_5_5.txt;22690;23590;0;16931;17601;10015;2000;2240;10015;22886;23786;0;22886;23786;92;22886;23786;26
;problem_100_500_4_1_5.txt;4151;4151;0;4164;4164;10015;4164;4164;31;4164;4164;0;4164;4164;0;4164;4164;9
;problem_100_500_4_2_5.txt;8390;8390;0;8398;8398;10015;6501;6501;10015;8398;8398;0;8398;8398;5;8398;8398;24
;problem_100_500_4_3_5.txt;12392;12392;0;12626;12626;10015;5955;5955;10015;12626;12626;0;12626;12626;11;12626;12626;13
;problem_100_500_4_4_5.txt;15539;15539;0;15220;15220;10001;6101;6101;10009;15876;15876;0;15876;15876;23;15875;15875;36
;problem_100_500_4_5_5.txt;22623;22623;0;19238;19238;10015;6843;6843;10015;22886;22886;0;22886;22886;57;22886;22886;39
;problem_100_1000_1_1_5.txt;7914;23884;0;8359;11405;10015;3975;17570;10015;8391;24357;0;8391;24357;8;8391;24357;19
;problem_100_1000_1_2_5.txt;15929;33591;0;16597;21153;10015;3302;16404;10001;16588;34184;0;16588;34184;32;16588;34184;25
;problem_100_1000_1_3_5.txt;24592;40347;0;24923;29644;10013;4338;16583;10011;25118;40778;0;25118;40778;60;25118;40778;16
;problem_100_1000_1_4_5.txt;34143;46603;0;30517;35121;10008;4849;16019;10001;34143;46603;0;34143;46603;96;34143;46603;15
;problem_100_1000_1_5_5.txt;46504;43499;0;34220;30850;10001;7630;16601;10011;46504;43499;0;46504;43499;158;46504;43499;10
;problem_100_1000_2_1_5.txt;7805;9516;0;8396;8754;10001;8379;10087;10001;8395;10152;0;8395;10152;7;8395;10152;62
;problem_100_1000_2_2_5.txt;15882;18106;0;16610;17088;10001;7862;9427;10009;16611;18860;0;16611;18860;22;16611;18860;56
;problem_100_1000_2_3_5.txt;24877;27832;0;25119;26085;10003;6683;8227;10014;25118;28061;0;25118;28061;52;25118;28061;71
;problem_100_1000_2_4_5.txt;33931;36715;0;31675;32323;10001;7473;9039;10016;34229;36978;0;34229;36978;72;34229;36978;119
;problem_100_1000_2_5_5.txt;46255;47157;0;38397;38214;10013;13042;14724;10001;46604;47456;0;46604;47456;145;46604;47456;29
;problem_100_1000_3_1_5.txt;8613;9023;0;8664;8854;10001;2968;3218;10001;8664;9074;0;8664;9074;17;8664;9074;15
;problem_100_1000_3_2_5.txt;17375;17915;1;17565;17945;10006;3640;3880;10001;17565;18105;0;17565;18105;47;17565;18105;24
;problem_100_1000_3_3_5.txt;25211;25911;1;25626;26176;10001;2844;3084;10012;25626;26326;0;25626;26326;85;25624;26324;6002
;problem_100_1000_3_4_5.txt;31040;31850;0;28946;29616;10001;2833;3073;10001;31543;32353;0;31543;32353;115;31541;32351;17
;problem_100_1000_3_5_5.txt;39939;40849;1;30025;30695;10001;2703;2943;10001;40386;41296;0;40386;41296;176;40385;41295;46
;problem_100_1000_4_1_5.txt;8656;8656;0;8664;8664;10010;8664;8664;140;8664;8664;0;8664;8664;2;8664;8664;62
;problem_100_1000_4_2_5.txt;17430;17430;0;17565;17565;10015;14501;14501;10015;17565;17565;0;17565;17565;10;17565;17565;24
;problem_100_1000_4_3_5.txt;25392;25392;0;25626;25626;10015;11455;11455;10015;25626;25626;0;25626;25626;23;25626;25626;80
;problem_100_1000_4_4_5.txt;31117;31117;0;31266;31266;10016;10101;10101;10015;31543;31543;0;31543;31543;54;31543;31543;72
;problem_100_1000_4_5_5.txt;39747;39747;0;32238;32238;10015;11343;11343;10001;40386;40386;0;40386;40386;88;40384;40384;19
;problem_500_50_1_1_5.txt;2127;6088;0;2144;2313;10015;53;854;10001;2147;6115;0;2147;6115;66;2147;6115;41
;problem_500_50_1_2_5.txt;4223;8133;0;4216;4211;10016;50;771;10015;4229;8138;0;4229;8138;184;4229;8138;26
;problem_500_50_1_3_5.txt;6359;10441;0;6384;6563;10002;51;818;10015;6398;10470;0;6398;10470;388;6398;10470;25
;problem_500_50_1_4_5.txt;8570;11782;0;7658;7789;10001;56;707;10001;8602;11798;0;8602;11798;643;8601;11797;18
;problem_500_50_1_5_5.txt;10727;12071;0;7916;7776;10001;56;752;10015;10737;12073;0;10737;12073;924;10738;12073;19
;problem_500_50_2_1_5.txt;2121;2618;0;2144;2173;10015;99;199;10014;2147;2647;0;2147;2647;49;2147;2647;22
;problem_500_50_2_2_5.txt;4186;4822;0;4229;4264;10001;73;158;10015;4229;4867;0;4229;4867;129;4229;4867;16
;problem_500_50_2_3_5.txt;6398;7070;0;6397;6413;10015;98;184;10014;6398;7070;0;6398;7070;290;6398;7070;13
;problem_500_50_2_4_5.txt;8596;9248;0;7803;7835;10015;70;147;10003;8602;9253;0;8602;9253;508;8602;9253;14
;problem_500_50_2_5_5.txt;10736;11089;0;7670;7657;10016;67;159;10001;10738;11090;0;10738;11090;792;10738;11090;16
;problem_500_50_3_1_5.txt;2153;4123;0;2128;2928;10009;45;275;10010;2159;4129;0;2159;4129;85;2159;4129;11
;problem_500_50_3_2_5.txt;3914;6874;0;3837;5437;10001;28;248;10016;3929;6889;0;3929;6889;229;3929;6889;9
;problem_500_50_3_3_5.txt;6490;9970;0;6291;8691;10001;43;263;10013;6512;9992;0;6512;9992;475;6512;9992;9
;problem_500_50_3_4_5.txt;8510;12600;0;7761;10801;10008;44;264;10016;8518;12608;0;8518;12608;731;8518;12608;10
;problem_500_50_3_5_5.txt;10603;15153;0;7733;10773;10013;36;256;10001;10615;15165;0;10615;15165;1009;10615;15165;9
;problem_500_50_4_1_5.txt;2151;2151;0;2159;2159;10001;652;652;10001;2159;2159;0;2159;2159;5;2159;2159;8
;problem_500_50_4_2_5.txt;3886;3886;0;3929;3929;10001;584;584;10014;3929;3929;0;3929;3929;39;3929;3929;7
;problem_500_50_4_3_5.txt;6478;6478;0;6512;6512;10001;638;638;10001;6512;6512;0;6512;6512;127;6512;6512;13
;problem_500_50_4_4_5.txt;8512;8512;0;7912;7912;10001;635;635;10012;8518;8518;0;8518;8518;326;8518;8518;8
;problem_500_50_4_5_5.txt;10600;10600;0;7730;7730;10015;500;500;10001;10615;10615;0;10615;10615;607;10615;10615;9
;problem_500_100_1_1_5.txt;4255;11486;0;4264;4462;10001;93;1558;10001;4272;11506;0;4272;11506;128;4272;11506;56
;problem_500_100_1_2_5.txt;8355;16357;0;8418;8796;10005;83;1690;10015;8428;16429;0;8428;16429;374;8428;16429;31
;problem_500_100_1_3_5.txt;13020;20479;0;13009;13129;10015;84;1737;10016;13047;20499;0;13047;20499;792;13047;20499;234
;problem_500_100_1_4_5.txt;16765;23101;0;15123;15004;10015;73;1567;10015;16799;23118;0;16801;23118;1238;16799;23118;24
;problem_500_100_1_5_5.txt;20578;24406;0;15005;15451;10015;99;1584;10014;20608;24415;0;20613;24415;1784;20613;24415;27
;problem_500_100_2_1_5.txt;4267;5131;0;4266;4258;10005;178;352;10001;4272;5136;0;4272;5136;89;4272;5136;20
;problem_500_100_2_2_5.txt;8423;9687;0;8424;8524;10001;144;309;10011;8429;9693;0;8429;9693;294;8429;9693;50
;problem_500_100_2_3_5.txt;12993;14197;0;13042;13014;10001;112;259;10001;13048;14251;0;13048;14251;607;13048;14251;34
;problem_500_100_2_4_5.txt;16801;18026;0;15237;15293;10016;197;365;10015;16801;18026;0;16802;18026;1004;16801;18026;13
;problem_500_100_2_5_5.txt;20586;21482;0;14531;14633;10001;113;282;10016;20613;21506;0;20613;21506;1579;20613;21506;30
;problem_500_100_3_1_5.txt;4167;6217;0;4146;4946;10014;65;295;10015;4201;6251;0;4201;6251;165;4201;6251;10
;problem_500_100_3_2_5.txt;8312;11182;0;8139;9739;10015;40;260;10005;8346;11216;0;8346;11216;458;8346;11216;11
;problem_500_100_3_3_5.txt;12966;16456;0;12592;14992;10012;68;288;10015;13037;16527;0;13037;16527;899;13037;16527;11
;problem_500_100_3_4_5.txt;16729;20829;0;15265;18305;10015;53;273;10015;16751;20851;0;16751;20851;1338;16751;20851;10
;problem_500_100_3_5_5.txt;20938;25498;0;15242;18282;10001;67;287;10012;20948;25508;0;20948;25508;1923;20948;25508;10
;problem_500_100_4_1_5.txt;4201;4201;0;4201;4201;10015;1102;1102;10015;4201;4201;0;4201;4201;10;4201;4201;10
;problem_500_100_4_2_5.txt;8323;8323;0;8346;8346;10001;1184;1184;10001;8346;8346;0;8346;8346;71;8346;8346;10
;problem_500_100_4_3_5.txt;13008;13008;0;13037;13037;10001;1338;1338;10001;13037;13037;0;13037;13037;251;13037;13037;13
;problem_500_100_4_4_5.txt;16711;16711;0;15312;15312;10006;1335;1335;10015;16751;16751;0;16751;16751;595;16751;16751;9
;problem_500_100_4_5_5.txt;20913;20913;0;15230;15230;10006;1150;1150;10015;20948;20948;0;20948;20948;1164;20948;20948;13
;problem_500_500_1_1_5.txt;21577;58126;0;21476;21688;10011;376;7502;10001;21655;58221;0;21655;58221;593;21655;58221;109
;problem_500_500_1_2_5.txt;39690;84630;1;39699;43436;10007;415;7977;10001;39792;84725;0;39792;84725;1993;39792;84725;68
;problem_500_500_1_3_5.txt;63296;99525;0;63302;62342;10007;354;7485;10001;63446;99618;0;63446;99618;3726;63446;99618;18
;problem_500_500_1_4_5.txt;84714;114476;0;78562;76365;10003;381;7354;10001;85133;114680;0;85133;114680;6159;85133;114680;37
;problem_500_500_1_5_5.txt;103002;122114;0;74291;74777;10011;324;8201;10001;103029;122118;0;103029;122118;8922;103020;122116;21
;problem_500_500_2_1_5.txt;21549;25569;0;21589;21770;10001;908;1687;10002;21655;25685;0;21655;25685;415;21655;25685;49
;problem_500_500_2_2_5.txt;39616;45667;0;39784;40090;10006;883;1736;10005;39796;45855;0;39796;45855;1296;39796;45855;46
;problem_500_500_2_3_5.txt;63045;70158;0;63442;64567;10001;571;1184;10004;63448;70566;0;63448;70566;3137;63447;70565;22
;problem_500_500_2_4_5.txt;85058;91045;0;76250;76858;10005;822;1601;10014;85136;91118;0;85136;91118;5175;85131;91110;37
;problem_500_500_2_5_5.txt;102906;107433;0;74836;75271;10015;599;1339;10015;103030;107544;0;103030;107544;7358;103029;107544;18
;problem_500_500_3_1_5.txt;21277;23267;0;20989;21789;10015;308;538;10015;21301;23291;0;21301;23291;716;21301;23291;35
;problem_500_500_3_2_5.txt;40388;43288;0;39673;41273;10001;252;472;10001;40613;43513;0;40613;43513;2116;40613;43513;176
;problem_500_500_3_3_5.txt;61643;65203;0;59930;62330;10001;228;448;10008;61987;65547;0;61987;65547;4105;61987;65547;179
;problem_500_500_3_4_5.txt;82128;86218;0;75003;78043;10001;258;478;10001;82351;86441;0;82351;86441;6516;82351;86441;160
;problem_500_500_3_5_5.txt;107817;112367;0;78502;81542;10001;314;534;10001;107865;112415;0;107865;112415;9662;107865;112415;31
;problem_500_500_4_1_5.txt;21134;21134;1;21301;21301;10001;6602;6602;10001;21301;21301;0;21301;21301;71;21301;21301;16
;problem_500_500_4_2_5.txt;40264;40264;0;40613;40613;10001;6184;6184;10001;40613;40613;0;40613;40613;365;40613;40613;11
;problem_500_500_4_3_5.txt;61643;61643;0;61987;61987;10015;5538;5538;10001;61987;61987;0;61987;61987;1334;61987;61987;14
;problem_500_500_4_4_5.txt;82002;82002;0;76212;76212;10001;5435;5435;10011;82351;82351;0;82351;82351;3048;82351;82351;15
;problem_500_500_4_5_5.txt;107647;107647;0;79230;79230;10001;6950;6950;10005;107865;107865;0;107865;107865;6143;107865;107865;29
;problem_500_1000_1_1_5.txt;42500;114437;0;42798;43976;10009;813;16846;10001;42822;114892;0;42822;114892;1160;42822;114892;40
;problem_500_1000_1_2_5.txt;84688;165118;0;84955;88075;10001;786;17478;10010;84962;165368;0;84962;165368;3618;84962;165368;37
;problem_500_1000_1_3_5.txt;122443;203616;0;122856;129288;10015;638;15748;10005;122948;203986;0;122948;203986;7329;122948;203979;35
;problem_500_1000_1_4_5.txt;165514;229247;0;151818;152419;10001;405;14508;10001;166103;229545;0;166103;229545;12343;166103;229545;45
;problem_500_1000_1_5_5.txt;212119;252043;0;157294;157169;10013;999;15283;10016;213025;252270;0;213025;252270;18779;213025;252270;41
;problem_500_1000_2_1_5.txt;42032;50684;0;42760;43267;10001;1603;3174;10014;42820;51549;0;42822;51549;919;42820;51549;54
;problem_500_1000_2_2_5.txt;84688;96886;0;84932;86031;10009;1044;2512;10001;84960;97172;0;84960;97172;2916;84960;97172;42
;problem_500_1000_2_3_5.txt;122856;135773;0;122928;123837;10010;1566;3198;10012;122948;135861;0;122948;135861;5437;122948;135860;77
;problem_500_1000_2_4_5.txt;165504;177471;0;147341;148453;10014;917;2303;10001;166134;178071;0;166134;178071;10219;166135;178070;64
;problem_500_1000_2_5_5.txt;212694;219252;0;151326;150291;10015;2503;3952;10015;213029;219550;0;213029;219550;15817;213029;219550;57
;problem_500_1000_3_1_5.txt;42379;44409;0;41717;42517;10011;614;844;10002;42384;44414;0;42384;44414;1461;42384;44414;33
;problem_500_1000_3_2_5.txt;84592;87432;0;82717;84317;10001;507;727;10005;84779;87619;0;84779;87619;4256;84776;87616;50
;problem_500_1000_3_3_5.txt;121018;124568;0;117550;119950;10016;409;629;10001;121487;125037;0;121487;125037;8099;121484;125034;121
;problem_500_1000_3_4_5.txt;169604;173664;0;155050;158090;10009;529;749;10007;170351;174411;0;170351;174411;12936;170345;174405;125
;problem_500_1000_3_5_5.txt;218567;223107;0;159433;162473;10001;700;920;10005;219115;223655;0;219115;223655;18441;219115;223655;74
;problem_500_1000_4_1_5.txt;42136;42136;0;42384;42384;10015;11102;11102;10015;42384;42384;0;42384;42384;117;42384;42384;17
;problem_500_1000_4_2_5.txt;84136;84136;0;84779;84779;10015;12684;12684;10010;84779;84779;0;84779;84779;802;84779;84779;22
;problem_500_1000_4_3_5.txt;121369;121369;0;121484;121484;10014;12038;12038;10002;121487;121487;0;121487;121487;2500;121487;121487;16
;problem_500_1000_4_4_5.txt;170002;170002;0;155762;155762;10015;9935;9935;10009;170351;170351;0;170351;170351;6530;170351;170351;35
;problem_500_1000_4_5_5.txt;218940;218940;0;163230;163230;10015;11950;11950;10016;219115;219115;0;219115;219115;12678;219115;219115;33
